-- MySQL dump 10.13  Distrib 5.1.32, for yes (yes)
--
-- Host: localhost    Database: f9db
-- ------------------------------------------------------
-- Server version	5.1.32

/*!40101 SET @OLD_CHARACTER_SET_CLIENT=@@CHARACTER_SET_CLIENT */;
/*!40101 SET @OLD_CHARACTER_SET_RESULTS=@@CHARACTER_SET_RESULTS */;
/*!40101 SET @OLD_COLLATION_CONNECTION=@@COLLATION_CONNECTION */;
/*!40101 SET NAMES utf8 */;
/*!40103 SET @OLD_TIME_ZONE=@@TIME_ZONE */;
/*!40103 SET TIME_ZONE='+00:00' */;
/*!40014 SET @OLD_UNIQUE_CHECKS=@@UNIQUE_CHECKS, UNIQUE_CHECKS=0 */;
/*!40014 SET @OLD_FOREIGN_KEY_CHECKS=@@FOREIGN_KEY_CHECKS, FOREIGN_KEY_CHECKS=0 */;
/*!40101 SET @OLD_SQL_MODE=@@SQL_MODE, SQL_MODE='NO_AUTO_VALUE_ON_ZERO' */;
/*!40111 SET @OLD_SQL_NOTES=@@SQL_NOTES, SQL_NOTES=0 */;

--
-- Table structure for table `finishedtasktable`
--

DROP TABLE IF EXISTS `finishedtasktable`;
SET @saved_cs_client     = @@character_set_client;
SET character_set_client = utf8;
CREATE TABLE `finishedtasktable` (
  `ID` int(11) NOT NULL AUTO_INCREMENT,
  `USERID` int(11) NOT NULL,
  `TITLE` varchar(16) NOT NULL,
  `CONTENT` varchar(512) DEFAULT NULL,
  `EDITTIMESTAMP` timestamp NOT NULL DEFAULT '0000-00-00 00:00:00',
  `REMINDTIMESTAMP` timestamp NULL DEFAULT '0000-00-00 00:00:00',
  `DATE` date NOT NULL,
  `STATE` int(11) NOT NULL DEFAULT '0',
  `CREATETIME` datetime NOT NULL,
  `USN` int(11) NOT NULL DEFAULT '0',
  PRIMARY KEY (`ID`),
  KEY `USERID` (`USERID`),
  CONSTRAINT `finishedtasktable_ibfk_1` FOREIGN KEY (`USERID`) REFERENCES `usertable` (`UID`) ON DELETE CASCADE ON UPDATE CASCADE
) ENGINE=InnoDB AUTO_INCREMENT=221 DEFAULT CHARSET=utf8;
SET character_set_client = @saved_cs_client;

--
-- Dumping data for table `finishedtasktable`
--

LOCK TABLES `finishedtasktable` WRITE;
/*!40000 ALTER TABLE `finishedtasktable` DISABLE KEYS */;
INSERT INTO `finishedtasktable` VALUES (167,23,'Whatever is wort','','2013-08-27 11:09:00','0000-00-00 00:00:00','2013-08-27',1,'2013-08-27 19:09:00',0),(168,23,'my tasklist','','2013-08-27 11:10:00','0000-00-00 00:00:00','2013-08-27',2,'2013-08-27 19:10:00',0),(169,23,'In love folly is','','2013-08-27 11:11:00','0000-00-00 00:00:00','2013-08-27',2,'2013-08-27 19:11:00',0),(170,23,'meeting','','2013-08-27 11:17:49','0000-00-00 00:00:00','2013-08-27',1,'2013-08-27 19:17:00',2),(171,23,'flamingo,go,go,g','','2013-08-27 03:18:43','2013-08-27 03:18:43','2013-08-27',2,'2013-08-27 11:18:43',0),(172,23,'hanyugang is a g','','2013-08-27 05:39:55','2013-08-27 05:39:55','2013-08-27',2,'2013-08-27 13:39:55',2),(176,23,'我的东西gd','','2013-08-29 09:23:29','2013-08-29 09:23:00','2013-08-29',2,'2013-08-29 17:20:56',13),(177,23,'123456','','2013-08-29 09:22:00','2013-08-28 16:00:00','2013-08-29',2,'2013-08-29 17:22:00',13),(178,23,'gresatd','','2013-08-29 09:23:00','2013-08-28 16:00:00','2013-08-29',2,'2013-08-29 17:23:00',13),(179,23,'gresatd','','2013-08-29 09:23:00','2013-08-29 09:00:00','2013-08-29',2,'2013-08-29 17:23:00',13),(180,23,'吃饭','','2013-08-29 09:25:51','2013-08-29 10:25:27','2013-08-29',2,'2013-08-29 17:25:51',13),(181,23,'','','2013-08-29 09:53:33','2013-08-29 09:53:32','2013-08-29',2,'2013-08-29 17:53:32',13),(182,23,'痛苦拒绝','','2013-08-29 09:53:53','2013-08-29 09:53:53','2013-08-29',2,'2013-08-29 17:53:53',13),(183,23,'哟哟哟','','2013-08-29 09:54:54','2013-08-29 09:54:54','2013-08-29',2,'2013-08-29 17:54:54',13),(184,23,'今天的内容','','2013-08-29 10:30:12','2013-08-29 10:30:12','2013-08-29',2,'2013-08-29 18:30:12',13),(185,23,'任务已','','2013-08-29 10:30:00','2013-08-28 16:00:00','2013-08-29',2,'2013-08-29 18:30:00',13),(186,23,'任务二','','2013-08-29 10:30:00','2013-08-28 16:00:00','2013-08-29',2,'2013-08-29 18:30:00',13),(187,23,'懂考虑','','2013-08-29 10:34:08','2013-08-29 10:34:08','2013-08-29',1,'2013-08-29 18:34:08',13),(188,23,'::>_<::咯嘛','','2013-08-29 10:34:18','2013-08-29 10:34:18','2013-08-29',2,'2013-08-29 18:34:18',13),(189,23,'我的哦是我是了','','2013-08-29 10:34:36','2013-08-29 10:34:36','2013-08-29',1,'2013-08-29 18:34:36',13),(190,23,'破同事','','2013-08-29 10:34:41','2013-08-29 10:34:41','2013-08-29',2,'2013-08-29 18:34:41',13),(191,23,'十周年磨破去','','2013-08-29 10:35:02','2013-08-29 10:35:02','2013-08-29',2,'2013-08-29 18:35:02',13),(192,23,'一二三四一二三四一二三四一二三四','','2013-08-29 10:42:00','2013-08-28 16:00:00','2013-08-29',1,'2013-08-29 18:42:00',13),(193,23,'我的东西gd','','2013-08-29 09:23:29','2013-08-29 09:23:00','2013-08-29',2,'2013-08-29 17:20:56',13),(194,23,'123456','','2013-08-29 09:22:00','2013-08-28 16:00:00','2013-08-29',2,'2013-08-29 17:22:00',13),(195,23,'gresatd','','2013-08-29 09:23:00','0000-00-00 00:00:00','2013-08-29',2,'2013-08-29 17:23:00',13),(196,23,'gresatd','','2013-08-29 09:23:00','2013-08-29 09:00:00','2013-08-29',2,'2013-08-29 17:23:00',13),(197,23,'吃饭','','2013-08-29 09:25:51','2013-08-29 10:25:27','2013-08-29',2,'2013-08-29 17:25:51',13),(198,23,'','','2013-08-29 09:53:33','2013-08-29 09:53:32','2013-08-29',2,'2013-08-29 17:53:32',13),(199,23,'痛苦拒绝','','2013-08-29 09:53:53','2013-08-29 09:53:53','2013-08-29',2,'2013-08-29 17:53:53',13),(200,23,'哟哟哟','','2013-08-29 09:54:54','2013-08-29 09:54:54','2013-08-29',2,'2013-08-29 17:54:54',13),(201,23,'今天的内容','','2013-08-29 10:30:12','2013-08-29 10:30:12','2013-08-29',2,'2013-08-29 18:30:12',13),(202,23,'任务已','','2013-08-29 10:30:00','2013-08-28 16:00:00','2013-08-29',2,'2013-08-29 18:30:00',13),(203,23,'任务二','','2013-08-29 10:30:00','2013-08-28 16:00:00','2013-08-29',2,'2013-08-29 18:30:00',13),(204,23,'懂考虑','','2013-08-29 10:34:08','2013-08-29 10:34:08','2013-08-29',1,'2013-08-29 18:34:08',13),(205,23,'::>_<::咯嘛','','2013-08-29 10:34:18','2013-08-29 10:34:18','2013-08-29',2,'2013-08-29 18:34:18',13),(206,23,'我的哦是我是了','','2013-08-29 10:34:36','2013-08-29 10:34:36','2013-08-29',1,'2013-08-29 18:34:36',13),(207,23,'破同事','','2013-08-29 10:34:41','2013-08-29 10:34:41','2013-08-29',2,'2013-08-29 18:34:41',13),(208,23,'十周年磨破去','','2013-08-29 10:35:02','2013-08-29 10:35:02','2013-08-29',2,'2013-08-29 18:35:02',13),(209,23,'一二三四一二三四一二三四一二三四','','2013-08-29 10:42:00','2013-08-28 16:00:00','2013-08-29',1,'2013-08-29 18:42:00',13),(210,63,'hao','','2013-08-30 08:08:08','0000-00-00 00:00:00','2013-08-30',1,'2013-08-30 15:07:00',10),(211,23,'begin11','','2013-08-30 13:24:51','2013-08-29 16:00:00','2013-08-30',2,'2013-08-30 21:24:00',6),(212,23,'begin22','','2013-08-30 13:25:00','2013-08-29 16:00:00','2013-08-30',2,'2013-08-30 21:25:00',6),(213,23,'begin33','','2013-08-30 13:26:00','2013-08-29 16:00:00','2013-08-30',2,'2013-08-30 21:26:00',6),(214,23,'begin55','','2013-08-30 05:28:17','2013-08-30 05:28:16','2013-08-30',1,'2013-08-30 13:28:16',6),(215,23,'begin66','','2013-08-30 05:29:34','2013-08-30 05:29:34','2013-08-30',1,'2013-08-30 13:29:34',7),(216,23,'begin44','','2013-08-30 05:28:09','2013-08-30 05:28:09','2013-08-30',2,'2013-08-30 13:28:09',6),(217,23,'begin222','','2013-08-30 06:18:07','2013-08-30 06:18:07','2013-08-30',1,'2013-08-30 14:18:07',7),(218,23,'begin111','','2013-08-30 06:18:00','2013-08-30 06:18:00','2013-08-30',1,'2013-08-30 14:18:00',1),(219,23,'begin222','','2013-08-30 06:18:07','2013-08-30 06:18:07','2013-08-30',1,'2013-08-30 14:18:07',1),(220,39,'都没时间DOTA了','','2013-08-29 06:30:00','2013-08-28 16:00:00','2013-08-29',2,'2013-08-29 14:30:00',2);
/*!40000 ALTER TABLE `finishedtasktable` ENABLE KEYS */;
UNLOCK TABLES;

--
-- Table structure for table `tasktable`
--

DROP TABLE IF EXISTS `tasktable`;
SET @saved_cs_client     = @@character_set_client;
SET character_set_client = utf8;
CREATE TABLE `tasktable` (
  `ID` int(11) NOT NULL AUTO_INCREMENT,
  `ANDROIDDBID` int(11) DEFAULT '0',
  `USERID` int(11) NOT NULL,
  `TITLE` char(20) NOT NULL,
  `CONTENT` char(30) DEFAULT NULL,
  `EDITTIMESTAMP` timestamp NOT NULL DEFAULT '0000-00-00 00:00:00',
  `REMINDTIMESTAMP` timestamp NULL DEFAULT '0000-00-00 00:00:00',
  `DATE` date NOT NULL,
  `STATE` int(11) NOT NULL DEFAULT '0',
  `CREATETIME` datetime NOT NULL,
  `USN` int(11) DEFAULT '0',
  PRIMARY KEY (`ID`),
  KEY `USERID` (`USERID`),
  CONSTRAINT `tasktable_ibfk_1` FOREIGN KEY (`USERID`) REFERENCES `usertable` (`UID`) ON DELETE CASCADE ON UPDATE CASCADE
) ENGINE=InnoDB AUTO_INCREMENT=434 DEFAULT CHARSET=utf8;
SET character_set_client = @saved_cs_client;

--
-- Dumping data for table `tasktable`
--

LOCK TABLES `tasktable` WRITE;
/*!40000 ALTER TABLE `tasktable` DISABLE KEYS */;
INSERT INTO `tasktable` VALUES (195,0,36,'','','2013-08-28 16:21:54','2013-08-28 17:21:00','2013-08-30',2,'2013-08-29 00:01:00',28),(199,0,36,'','','2013-08-28 16:25:00','2013-08-28 16:00:00','2013-08-30',2,'2013-08-29 00:25:00',2),(200,0,36,'','','2013-08-28 16:27:00','2013-08-28 16:00:00','2013-08-30',1,'2013-08-29 00:27:00',1),(212,0,36,'','','2013-08-28 16:40:00','0000-00-00 00:00:00','2013-08-30',2,'2013-08-29 00:40:00',2),(219,0,39,'爱上大声地','','2013-08-29 06:28:00','2013-08-28 16:00:00','2013-08-29',0,'2013-08-29 14:28:00',0),(220,0,39,'爱上大声地阿萨德黑','','2013-08-29 09:41:00','2013-08-29 06:19:00','2013-08-29',0,'2013-08-29 14:28:00',5),(222,0,39,'快没时间了','','2013-08-29 06:30:00','0000-00-00 00:00:00','2013-08-31',0,'2013-08-29 14:30:00',0),(246,0,39,'任务一','','2013-08-29 08:29:00','2013-08-28 16:00:00','2013-08-29',0,'2013-08-29 16:29:00',0),(247,0,39,'任务一二','','2013-08-29 08:29:00','2013-08-29 07:30:00','2013-08-29',0,'2013-08-29 16:29:00',0),(255,0,39,'互测','','2013-08-29 08:52:00','0000-00-00 00:00:00','2013-09-01',0,'2013-08-29 16:52:00',0),(256,0,39,'个非官方','','2013-08-29 08:53:00','0000-00-00 00:00:00','2013-08-31',0,'2013-08-29 16:53:00',0),(257,0,39,'开会去','','2013-08-29 08:56:00','0000-00-00 00:00:00','2013-08-31',0,'2013-08-29 16:56:00',0),(268,0,39,'tgedt','','2013-08-29 09:25:00','0000-00-00 00:00:00','2013-08-31',0,'2013-08-29 17:25:00',2),(277,2,62,'任务已而','','2013-08-29 10:26:15','2013-08-29 10:27:00','2013-08-29',0,'2013-08-29 18:25:00',2),(279,3,62,'任务二','','2013-08-29 10:27:00','0000-00-00 00:00:00','2013-08-31',0,'2013-08-29 18:27:00',2),(297,0,63,'hao','','2013-08-30 09:43:16','0000-00-00 00:00:00','2013-08-30',0,'2013-08-30 16:19:00',4),(298,0,63,'hao','','2013-08-30 08:19:00','0000-00-00 00:00:00','2013-08-30',0,'2013-08-30 16:19:00',3),(353,0,63,'还发生过','','2013-08-31 08:41:13','2013-09-24 08:42:00','2013-09-24',0,'2013-08-31 13:50:00',1),(354,0,64,'hkjhjkh','','2013-08-31 05:54:00','2013-08-30 16:00:00','2013-08-31',0,'2013-08-31 13:54:00',0),(355,0,65,'调bug','','2013-08-31 06:00:23','2013-08-31 06:01:00','2013-08-31',0,'2013-08-31 13:57:00',4),(356,0,65,'开会','','2013-08-31 05:59:38','2013-09-10 07:51:00','2013-09-10',0,'2013-08-31 13:58:00',1),(404,2,23,'1','','2013-08-31 08:44:13','0000-00-00 00:00:00','2013-08-31',2,'2013-08-31 16:42:00',14),(405,3,23,'2','','2013-08-31 08:43:34','0000-00-00 00:00:00','2013-08-31',1,'2013-08-31 16:42:00',14),(406,1,23,'3','','2013-08-31 08:44:15','0000-00-00 00:00:00','2013-08-31',1,'2013-08-31 08:42:38',14),(410,5,23,'5','','2013-08-31 08:50:14','0000-00-00 00:00:00','2013-08-31',2,'2013-08-31 08:44:40',14),(414,4,23,'4','','2013-08-31 08:49:19','0000-00-00 00:00:00','2013-08-31',0,'2013-08-31 08:44:37',15),(416,6,23,'6','','2013-08-31 08:54:00','0000-00-00 00:00:00','2013-08-31',1,'2013-08-31 16:54:00',14),(422,0,63,'zhaun','','2013-08-31 09:00:00','0000-00-00 00:00:00','2013-08-31',0,'2013-08-31 17:00:00',0),(423,0,63,'soesy','','2013-08-31 09:03:00','0000-00-00 00:00:00','2013-08-31',0,'2013-08-31 17:03:00',0),(425,0,63,'你好','','2013-08-31 09:09:00','0000-00-00 00:00:00','2013-08-31',0,'2013-08-31 17:09:00',0),(426,7,23,'77','','2013-08-31 09:09:31','2013-08-31 01:09:16','2013-08-31',0,'2013-08-31 09:09:16',14),(427,8,23,'88','','2013-08-31 01:09:21','2013-08-31 01:09:21','2013-08-31',0,'2013-08-31 09:09:21',14),(428,0,63,'好','','2013-08-31 09:10:00','0000-00-00 00:00:00','2013-08-31',0,'2013-08-31 17:10:00',0),(429,0,63,'个','','2013-08-31 09:11:00','0000-00-00 00:00:00','2013-08-31',0,'2013-08-31 17:11:00',0),(430,0,63,'嗯嗯','','2013-08-31 09:11:00','0000-00-00 00:00:00','2013-08-31',0,'2013-08-31 17:11:00',0),(431,0,63,'哥','','2013-08-31 09:12:00','0000-00-00 00:00:00','2013-08-31',0,'2013-08-31 17:12:00',0),(432,0,63,'恩','','2013-08-31 09:14:00','0000-00-00 00:00:00','2013-08-31',0,'2013-08-31 17:14:00',0),(433,0,63,'走','','2013-08-31 09:14:00','0000-00-00 00:00:00','2013-08-31',0,'2013-08-31 17:14:00',0);
/*!40000 ALTER TABLE `tasktable` ENABLE KEYS */;
UNLOCK TABLES;

--
-- Table structure for table `usertable`
--

DROP TABLE IF EXISTS `usertable`;
SET @saved_cs_client     = @@character_set_client;
SET character_set_client = utf8;
CREATE TABLE `usertable` (
  `UID` int(11) NOT NULL AUTO_INCREMENT,
  `USERNAME` varchar(32) DEFAULT NULL,
  `PASSWORD` varchar(255) NOT NULL,
  `EMAIL` char(30) NOT NULL,
  `ISACTIVE` int(11) NOT NULL DEFAULT '1',
  `ISLOGIN` int(11) NOT NULL DEFAULT '0',
  `ISOPENICONWARN` int(11) NOT NULL DEFAULT '1',
  `FULLSYNCBEFORE` datetime DEFAULT NULL,
  `UPDATECOUNT` int(11) DEFAULT NULL,
  `REGISTERDATE` date DEFAULT NULL,
  PRIMARY KEY (`UID`)
) ENGINE=InnoDB AUTO_INCREMENT=78 DEFAULT CHARSET=utf8;
SET character_set_client = @saved_cs_client;

--
-- Dumping data for table `usertable`
--

LOCK TABLES `usertable` WRITE;
/*!40000 ALTER TABLE `usertable` DISABLE KEYS */;
INSERT INTO `usertable` VALUES (23,'lily','7110eda4d09e062aa5e4a390b0a572ac0d2c0220','lily',1,0,0,'2013-08-31 17:09:44',14,NULL),(30,'gridteam2','40bd001563085fc35165329ea1ff5c5ecbdbbeef','gridteam2',0,0,1,'0000-00-00 00:00:00',0,'0000-00-00'),(34,'60334928','40bd001563085fc35165329ea1ff5c5ecbdbbeef','60334928',0,0,1,'0000-00-00 00:00:00',0,NULL),(35,'gridteam3@qq.com','40bd001563085fc35165329ea1ff5c5ecbdbbeef','gridteam3@qq.com',0,0,1,'0000-00-00 00:00:00',0,NULL),(36,'chengjun@360.cn','601f1889667efaebb33b8c12572835da3f027f78','chengjun@360.cn',1,0,1,'0000-00-00 00:00:00',28,NULL),(39,'1195759094@qq.com','601f1889667efaebb33b8c12572835da3f027f78','1195759094@qq.com',1,0,1,'0000-00-00 00:00:00',4,NULL),(62,'597905803@qq.com','7c4a8d09ca3762af61e59520943dc26494f8941b','597905803@qq.com',1,0,1,'2013-08-30 11:05:47',2,NULL),(63,'603349287@qq.com','7c4a8d09ca3762af61e59520943dc26494f8941b','603349287@qq.com',1,0,1,'0000-00-00 00:00:00',4,NULL),(64,'yue_0102@126.com','7c4a8d09ca3762af61e59520943dc26494f8941b','yue_0102@126.com',1,0,1,'0000-00-00 00:00:00',0,NULL),(65,'448324882@qq.com','e680186b40302f188fcf6eda42526cfd7aa34ff0','448324882@qq.com',1,0,1,'0000-00-00 00:00:00',4,NULL),(66,'448324882@qq.com','e680186b40302f188fcf6eda42526cfd7aa34ff0','448324882@qq.com',0,0,1,'0000-00-00 00:00:00',0,NULL),(77,'liulili3025@sina.com','7c4a8d09ca3762af61e59520943dc26494f8941b','liulili3025@sina.com',0,0,1,'0000-00-00 00:00:00',0,'2013-09-15');
/*!40000 ALTER TABLE `usertable` ENABLE KEYS */;
UNLOCK TABLES;
/*!40103 SET TIME_ZONE=@OLD_TIME_ZONE */;

/*!40101 SET SQL_MODE=@OLD_SQL_MODE */;
/*!40014 SET FOREIGN_KEY_CHECKS=@OLD_FOREIGN_KEY_CHECKS */;
/*!40014 SET UNIQUE_CHECKS=@OLD_UNIQUE_CHECKS */;
/*!40101 SET CHARACTER_SET_CLIENT=@OLD_CHARACTER_SET_CLIENT */;
/*!40101 SET CHARACTER_SET_RESULTS=@OLD_CHARACTER_SET_RESULTS */;
/*!40101 SET COLLATION_CONNECTION=@OLD_COLLATION_CONNECTION */;
/*!40111 SET SQL_NOTES=@OLD_SQL_NOTES */;

-- Dump completed on 2013-08-31  9:57:03
